wifi_speed,avg_price,barista_s1_ratio,distance_to_campus,occupancy_rate,latitude,longitude,name,ownership_type
61,37399,0.0578638977577073,445,48.84108967897178,-6.91026210115356,107.58555327757024,Warung Janji,Local Standard
24,48986,0.3945217986081298,2449,13.992989693094264,-6.902010291840792,107.68832361111386,Cafe Kenangan,Chain/Franchise
81,35880,0.1067560659358843,462,63.32960658380461,-6.8814032264017015,107.67361033485744,Space Bandung,Local Specialty
70,19735,0.3356600647969632,2543,65.6101684089374,-6.948262020981452,107.6766379252027,Kopi Senja Signature,Student Friendly
30,19555,0.1696799038955655,2365,23.582756428358515,-6.9176869342929725,107.59577892096932,Studio Senja,Student Friendly
92,34830,0.6468483616687238,2288,88.01795718178019,-6.852690225192965,107.59652910771251,Cafe Malam,Local Specialty
96,32429,0.3882683839898722,3105,82.75831793373841,-6.891988777030453,107.59416052595712,Studio Malam View,Local Specialty
84,21893,0.2293947457049496,3381,57.255171210641976,-6.924577542010251,107.58475051913246,Kopi Malam Garden,Local Specialty
84,29373,0.2659379249642389,1084,68.64100917334973,-6.897826995336379,107.68114473451232,Space Bandung,Local Specialty
97,18436,0.3603450952052682,1739,91.53233495388564,-6.9157346511879085,107.71960317704988,Warung Bandung Signature,Local Specialty
33,23754,0.2599498628542627,927,48.88935158573828,-6.89677550111737,107.69486349393532,Roastery Senja,Local Standard
12,25677,0.453240846828831,2830,38.088708455032496,-6.937425848819335,107.70841872675211,Space Kita,Local Standard
31,20895,0.0323159511096504,3631,16.621324444500285,-6.936728534618072,107.63095968581705,Studio Pagi,Local Standard
62,34738,0.2797635071689457,4551,52.82544476031838,-6.935645763796061,107.6808151590744,Kopi Pagi,Local Standard
11,45746,0.4112067208721862,3035,18.52742959436633,-6.856018020807316,107.62084724808896,Studio Malam Story,Chain/Franchise
97,47352,0.6027818820232985,3976,78.63720988162092,-6.876710108165866,107.65510092439372,Cafe Bumi,Chain/Franchise
39,20600,0.2709576425151299,226,49.72546483770829,-6.933761810533768,107.64632696930695,Rumah Dago,Local Standard
47,44124,0.1331851252237497,3277,31.234431322913068,-6.93116509162344,107.58537742902875,Teras Bandung,Chain/Franchise
11,42643,0.0762003795991631,3156,13.629392025188263,-6.876917052512912,107.62741575206712,Cafe Bandung,Chain/Franchise
73,24007,0.9405318271353834,703,86.83615922436842,-6.934383615520782,107.74276445509648,Roastery Dago,Local Specialty
69,23208,0.4166390577384792,3549,64.83556970558709,-6.926543870666517,107.59971605154298,Cafe Pagi,Local Standard
30,33589,0.5811626211808263,4246,38.66545267902765,-6.85366531671796,107.57676074725588,Roastery Dago,Local Standard
42,32453,0.9191765518355596,3633,52.33631795068561,-6.924469347527157,107.6337161243248,Warung Kenangan Signature,Local Standard
85,47635,0.0827484200353061,3467,52.16469542503145,-6.8838367649628855,107.70806754717204,Teras Pagi,Chain/Franchise
67,48828,0.8766614859257927,3468,60.48973455427091,-6.852136871259947,107.666429645956,Space Kenangan,Chain/Franchise
31,33711,0.55158787254407,3897,40.56017557778074,-6.912570323286021,107.68619496544764,Space Bumi,Local Standard
98,18420,0.1648342611370009,1892,79.05304263603962,-6.948248400913794,107.58793896963492,Kedai Hitam Corner,Local Specialty
58,46216,0.411255116585369,2961,34.389157136991926,-6.925585270957763,107.67378963860156,Roastery Rindu,Chain/Franchise
68,15301,0.7776022837352256,3576,70.57782196402219,-6.866912280865829,107.6147000789823,Teras Dago,Student Friendly
51,15699,0.4803700818663546,3517,59.5363428761847,-6.863539116404496,107.71686067319096,Kopi Kenangan,Student Friendly
69,15190,0.9852860506655045,1745,93.45216983473686,-6.873148063547621,107.67585976120216,Kedai Hitam Lab,Student Friendly
89,25492,0.3767389699379407,1305,80.40474132326769,-6.938689018092343,107.58977125555504,Cafe Hitam,Local Specialty
24,21102,0.7495782999760721,3130,43.45800846183701,-6.870448962830359,107.56292333596882,Kedai Janji,Local Standard
71,34778,0.3929894489788591,2972,63.00877222337683,-6.858132220300649,107.5585266418574,Space Rindu,Local Specialty
71,41641,0.8291642207065144,3172,68.72293520307588,-6.889939045745376,107.62428171353002,Studio Hitam,Chain/Franchise
56,49584,0.5690814691657476,1954,44.659547270138695,-6.8559124643661935,107.60317022733086,Kopi Dago,Chain/Franchise
71,47745,0.0635118295900013,4121,35.89156614790713,-6.867316111628812,107.6792180246925,Studio Kala,Chain/Franchise
60,38093,0.0368218676359913,4762,41.70891836220517,-6.883302848300909,107.64986676699571,Teras Pagi,Local Standard
64,15569,0.1338521188006332,2808,59.25000591393242,-6.892281476328825,107.60320385560108,Space Rindu,Student Friendly
73,49663,0.0136719648269972,3602,38.789961108548326,-6.915142633275803,107.57984755559004,Cafe Malam,Chain/Franchise
12,22455,0.0753590603524623,1432,25.301500889255728,-6.93407125547572,107.5754399525375,Cafe Malam View,Local Standard
60,19014,0.691714397168912,301,80.5322255395898,-6.889504607730946,107.72293207842807,Rumah Bandung,Student Friendly
16,26093,0.5343462750294631,3607,36.70962677052066,-6.918188844638188,107.59869559368096,Teras Malam,Local Standard
30,33070,0.7499107494699718,4312,48.070055618055534,-6.863356133247235,107.6803421295822,Warung Luwak Signature,Local Standard
82,31538,0.9131657522576428,674,94.1899669891503,-6.850666306264137,107.71213718559726,Warung Bumi,Local Specialty
48,25729,0.585149532325472,636,58.80032457466389,-6.874757223738443,107.67281626223696,Rumah Dago Signature,Local Standard
27,49177,0.7261208440718481,1725,42.56445714818178,-6.940951830471295,107.7219130463294,Teras Bumi,Chain/Franchise
13,15784,0.7570812020424559,2222,47.68270768747411,-6.921131440446937,107.6284787443057,Rumah Dago Signature,Student Friendly
98,42751,0.3778505492757864,485,70.12575700631464,-6.939089036823425,107.74124443812978,Kedai Luwak,Chain/Franchise
69,27533,0.2410848323296318,3381,56.15997708804708,-6.884948835220828,107.57662900083562,Kopi Rindu,Local Standard
23,20801,0.2050453285065249,574,39.3846053733893,-6.873480913544421,107.5704299059315,Studio Hitam,Local Standard
18,34190,0.2514424395117984,517,34.45667930020912,-6.857432516911929,107.68173842924148,Teras Janji,Local Standard
99,44592,0.2747317970259088,3700,65.40627375673297,-6.9061827653588015,107.73856622828264,Roastery Bandung Express,Chain/Franchise
62,25647,0.2072276490080564,1054,46.84485633630411,-6.859862435041156,107.71177669232726,Studio Kenangan,Local Standard
11,23716,0.8782206674791923,4958,49.503834759061,-6.862210884095867,107.5652833718876,Rumah Bumi,Local Standard
93,38355,0.7569991321722287,1305,95.0,-6.9182804283234605,107.60587354278694,Roastery Bandung,Local Specialty
69,37009,0.0468964677912199,4859,43.72638781176797,-6.863109937445943,107.73606377696755,Cafe Kala,Local Standard
80,39376,0.2686724820253073,4220,46.582313222554895,-6.912432774811827,107.60061168656016,Teras Luwak,Local Specialty
53,19780,0.0221847420303016,2090,47.06419487630369,-6.920313072543972,107.70623408475738,Kedai Kenangan Story,Student Friendly
17,17368,0.4981651866458929,4905,40.05019015220545,-6.88509253412056,107.71502643918572,Space Kenangan Express,Student Friendly
56,27039,0.4762106967890142,3672,56.83327708190136,-6.917161877211492,107.6490904206922,Space Luwak,Local Standard
44,21655,0.8313714900625012,4480,70.08613285773448,-6.886979125167086,107.62726978196966,Studio Kala,Local Standard
87,19495,0.3077772397710494,4258,80.57217220005377,-6.889016819450131,107.64002488648396,Roastery Dago,Local Specialty
90,25893,0.8163857352130623,4857,91.3167952343712,-6.893656107265154,107.59539293887308,Kedai Kenangan View,Local Specialty
45,40547,0.967973765439823,2813,60.37616970858775,-6.91195802957672,107.72787818322576,Roastery Malam,Chain/Franchise
59,37386,0.0884082233656465,2303,47.91457847884747,-6.895150027834852,107.64012393134595,Rumah Janji,Local Standard
13,28403,0.7918178394696329,3220,34.97959853192293,-6.8903514525014575,107.72649188809122,Kopi Rindu,Local Standard
11,47097,0.5899558971376361,1066,23.24602334914906,-6.895431311150452,107.57113869598123,Cafe Senja Garden,Chain/Franchise
15,28121,0.4800459670184751,3532,30.360748541682582,-6.90555805472488,107.74765505420002,Roastery Hitam,Local Standard
63,25966,0.4205357786650751,788,63.097656659830086,-6.948533294295374,107.63865461748873,Rumah Bandung,Local Standard
13,48621,0.7846682639443096,4343,33.34452364355958,-6.891293829229885,107.55956616407882,Warung Malam,Chain/Franchise
63,43312,0.6393613569742423,3801,56.33607123387534,-6.933155561485728,107.55760436964748,Kedai Kala,Chain/Franchise
72,37677,0.8050446675193619,441,70.06457618955788,-6.885742403105281,107.69924145149636,Teras Hitam,Local Specialty
27,46289,0.9031510586766264,1824,52.12286135673492,-6.874065567207714,107.68180710684074,Space Luwak,Chain/Franchise
99,46024,0.617263712097292,4522,73.42265447277816,-6.899955469086926,107.71042611162552,Kopi Kenangan Story,Chain/Franchise
53,19777,0.980462725092378,1892,79.46771472664717,-6.8957636335020265,107.57107350679055,Rumah Malam,Student Friendly
43,44749,0.6080878495418852,1859,49.59061654230217,-6.8548521440334005,107.5571141734071,Space Kita Point,Chain/Franchise
83,30338,0.6366443216222826,3312,76.82730833846543,-6.865283263862742,107.65171585788951,Roastery Dago,Local Specialty
71,17491,0.5548156085422257,1089,77.06923884120367,-6.858576348404853,107.62751904629656,Cafe Luwak,Local Specialty
23,42236,0.0910020910513302,2362,24.26368938647743,-6.868623371168041,107.6423893873342,Cafe Luwak,Chain/Franchise
57,29599,0.7263970326502283,2582,67.0355864766552,-6.939108165815327,107.74831768177404,Rumah Senja,Local Standard
24,34508,0.5474463068991116,1051,45.25043556988791,-6.935100814402981,107.74414999153412,Kedai Senja,Local Standard
81,18051,0.4509104474161044,822,82.02636613075968,-6.897337620273104,107.73846307793464,Warung Malam,Local Specialty
87,36606,0.910471278403273,3489,95.0,-6.925393034120201,107.70676853535352,Cafe Senja,Local Specialty
96,36699,0.2979594515419504,2179,72.46077552763433,-6.902330452495884,107.62096827205136,Space Luwak,Local Specialty
71,15876,0.5236022760150112,2817,78.33389275634899,-6.910563467618165,107.63242618605256,Cafe Luwak,Local Specialty
49,47093,0.6976418714934634,2432,57.17278433997395,-6.895058576156955,107.65992320874378,Space Hitam,Chain/Franchise
94,19142,0.7964717756738773,3476,94.7816475495718,-6.875312428386417,107.71610689128096,Cafe Pagi,Local Specialty
89,30202,0.4593468079461724,4624,68.9597137821246,-6.8784509092900725,107.56374256650363,Cafe Kenangan,Local Specialty
91,22079,0.8420914150187097,1600,92.04902734566976,-6.897876586751466,107.63485937717698,Roastery Bandung,Local Specialty
62,22987,0.7689177413153975,385,74.05675495667977,-6.867760658118294,107.56652353269185,Warung Jiwa Express,Local Standard
33,43940,0.0662359778518658,3595,15.50653227391551,-6.906913790846197,107.6529315173147,Kopi Jiwa,Chain/Franchise
35,32019,0.0458612664046329,2165,31.498570797932626,-6.860328571015987,107.72978016480124,Kopi Kenangan Story,Local Standard
98,33077,0.6208056844220913,868,82.21543672394132,-6.942871972994483,107.7064969849128,Kopi Kala Hub,Local Specialty
69,41258,0.3474134082254142,3157,53.94675797911446,-6.854533996996669,107.5955684835086,Studio Pagi,Chain/Franchise
50,36136,0.2091307910785141,4389,37.99189601297253,-6.884530691856865,107.74519816991976,Teras Rindu,Local Standard
38,23311,0.5796499344717384,2261,54.12143008827091,-6.911992549106279,107.68347007960928,Cafe Senja,Local Standard
24,32214,0.341563210456545,3393,35.16454133399248,-6.930284587342713,107.55208553987949,Rumah Luwak,Local Standard
54,29098,0.5372634167140701,1046,57.007842702767775,-6.90208167705564,107.60108269693704,Kopi Hitam,Local Standard
74,43251,0.460119158983572,3435,61.67876473744524,-6.93054416768147,107.60214265998398,Kedai Luwak,Chain/Franchise
98,40945,0.5847661059491537,4250,85.14536146956127,-6.933366839225686,107.56385086125717,Teras Senja,Chain/Franchise
80,40316,0.4003004889102813,4995,61.264272516843896,-6.888264824258703,107.7419653036152,Cafe Luwak,Chain/Franchise
18,47217,0.6976675736969318,4973,26.002909139641712,-6.897691527541822,107.64565105891518,Teras Rindu,Chain/Franchise
97,23308,0.1800672723492985,1581,71.48061053033487,-6.882990396538906,107.72916291947438,Teras Bumi,Local Specialty
10,20949,0.696501466227079,2001,42.69742402692349,-6.857039412257801,107.61444310068892,Warung Senja Hub,Local Standard
17,16150,0.4116612143575281,3551,35.98250068768937,-6.896773978666096,107.57504671408655,Kedai Luwak,Student Friendly
97,38944,0.8743176048544171,4164,81.15934469782809,-6.89190679467372,107.64486722198124,Warung Jiwa,Local Specialty
72,49699,0.5152360548642109,154,59.73987806922924,-6.9410373660845055,107.57279132694286,Kedai Bandung Signature,Chain/Franchise
20,24204,0.9731103492701044,1923,56.15717692169947,-6.878236421409137,107.6472031005955,Space Jiwa,Local Standard
90,16081,0.6019353955409602,3562,88.2567366652641,-6.9100094793195845,107.73405943624388,Teras Senja,Local Specialty
17,44305,0.2238490659063206,3179,24.165697188328043,-6.852327476133742,107.65415362836684,Rumah Kala,Chain/Franchise
44,31896,0.8217906368444492,932,61.2873714323022,-6.8676825984404335,107.673299945379,Warung Malam,Local Standard
44,22805,0.3450826278223867,4508,40.81353717924049,-6.897751895948388,107.58132768739476,Rumah Bandung,Local Standard
42,20237,0.3476192144826835,2906,47.48982873438476,-6.937677734582784,107.558747125176,Rumah Hitam,Local Standard
14,35056,0.0318046814851651,2590,19.490789145370808,-6.864058420671941,107.57216159243596,Teras Kala,Local Standard
50,18343,0.5487153092074086,427,68.82456447840167,-6.870021890457598,107.66970631513688,Warung Malam,Student Friendly
37,28500,0.534423503732523,3410,50.95133775829276,-6.931541487046297,107.56900233979846,Rumah Kenangan,Local Standard
16,44375,0.3559914842719861,3400,17.543245390773567,-6.920472171077969,107.62519857798826,Rumah Pagi,Chain/Franchise
82,24662,0.8942172628959257,3775,91.74041640839654,-6.870659274185216,107.66001838809164,Space Kala Hub,Local Specialty
81,31964,0.1287483982996439,3154,63.00776019905148,-6.931477155345259,107.62773055972596,Kedai Jiwa Signature,Local Specialty
21,23130,0.3300995133101554,2243,32.43580048689513,-6.858224751082862,107.58273676029306,Kedai Dago,Local Standard
43,34531,0.321582764680029,1411,42.79358389920269,-6.907547257480363,107.60475826150282,Teras Senja Garden,Local Standard
42,16679,0.092290586228746,3291,54.09349694819901,-6.941296103741235,107.73566350656972,Rumah Jiwa,Student Friendly
57,18506,0.4811453940562932,2638,59.87394494253815,-6.868425135649572,107.68519645511726,Studio Rindu,Student Friendly
32,28284,0.687784717096083,4083,40.09800290950712,-6.912649031696161,107.64920956773598,Space Jiwa,Local Standard
71,22253,0.5116570135472612,4647,76.46263267303571,-6.897350080584622,107.55254297799738,Rumah Hitam,Local Specialty
97,34128,0.1569776827161937,264,75.9797228634602,-6.938769565558879,107.7484830800979,Rumah Rindu,Local Specialty
46,42932,0.3772859652420726,4377,35.916082922603515,-6.9497415985155016,107.68429098697892,Rumah Bumi Lab,Chain/Franchise
53,24435,0.0025950243836465,922,43.48475481069943,-6.88620147942067,107.613384495469,Kedai Hitam,Local Standard
95,28296,0.8683011070355868,1043,88.06328163479228,-6.898482482966627,107.72585373199956,Rumah Jiwa Story,Local Specialty
44,45445,0.0845170076806819,4525,26.336707918767008,-6.890646143087685,107.60168632405836,Teras Dago,Chain/Franchise
74,28245,0.5972780822554306,874,80.72192256357808,-6.8706256149619485,107.65880331583656,Studio Kita,Local Specialty
56,44124,0.9862569958668151,2298,63.46502837411273,-6.885339408657714,107.67721415274596,Rumah Malam,Chain/Franchise
87,44899,0.5365906459873325,3256,72.25733897795888,-6.932522655717262,107.59421267429074,Studio Bandung,Chain/Franchise
12,44222,0.9240417591074332,4342,39.76249019150613,-6.91392274808894,107.74567945576013,Teras Dago,Chain/Franchise
10,41211,0.2361165331174043,3795,18.22661297631379,-6.859410889521223,107.6996383811958,Cafe Senja,Chain/Franchise
14,41646,0.7599554089375856,3552,32.3046913877697,-6.873005529974832,107.6615626451022,Studio Pagi,Chain/Franchise
99,38049,0.531265753973534,1014,78.31511117410382,-6.894336294206328,107.58611891963506,Studio Luwak Garden,Local Specialty
23,29069,0.7205160613914648,1408,37.89626973047312,-6.924435500219073,107.5607716413996,Space Bumi Hub,Local Standard
36,47580,0.0623413625112414,4277,16.411999629302557,-6.919793949816521,107.6140119665042,Warung Hitam,Chain/Franchise
18,46843,0.1477390919062267,613,23.485229638530303,-6.876804193241436,107.70063746718267,Kedai Jiwa,Chain/Franchise
88,17849,0.1331169285874782,2020,65.6029660956842,-6.864882573914723,107.6038662596604,Teras Senja,Local Specialty
24,38289,0.6871655054033311,3694,35.558428905555395,-6.882857533046939,107.6579112440991,Space Rindu,Local Standard
99,24823,0.8444406726336288,4941,95.0,-6.869047002423155,107.69558943534616,Roastery Pagi Corner,Local Specialty
51,24540,0.7496162320085874,1509,69.93055436573263,-6.873334386479959,107.5715887429293,Studio Janji,Local Standard
86,31364,0.0304721527335941,4902,59.23458954696852,-6.935029603204304,107.68705960322318,Teras Senja Lab,Local Specialty
60,19611,0.8672149810747233,4666,69.37051157670706,-6.90760551870867,107.568374177542,Space Rindu,Student Friendly
72,42663,0.3541466707931254,3290,68.34477774980188,-6.934701619917144,107.7430259484254,Studio Senja,Chain/Franchise
61,45977,0.3971638325040825,4591,38.82219057951253,-6.926476441519801,107.647678826013,Kopi Malam,Chain/Franchise
13,44168,0.1048691665324809,1655,13.816586809068834,-6.863074037534894,107.58013522154198,Roastery Hitam,Chain/Franchise
32,40471,0.7374052060938191,904,47.24039346187068,-6.9027108034366815,107.61847672720673,Rumah Jiwa,Chain/Franchise
24,37687,0.182283878475958,1379,19.06555112848612,-6.896464189815734,107.63268328985905,Roastery Luwak Lab,Local Standard
52,15851,0.5639650920188364,3677,62.27662903999112,-6.932155403477223,107.7016370022153,Rumah Kita,Student Friendly
38,33071,0.8407099858779311,3001,56.99417319008327,-6.9187728213951205,107.69868475721532,Space Luwak,Local Standard
45,21833,0.0892043287120561,1487,39.68988210808669,-6.926975383157213,107.67238810106748,Cafe Kenangan,Local Standard
22,26938,0.5353355640155235,4788,44.18219326514976,-6.929381383548157,107.57118614251168,Teras Kenangan Lab,Local Standard
41,41144,0.2332164115498012,2861,32.591515554878285,-6.886203920668403,107.58031387431753,Rumah Pagi,Chain/Franchise
80,19000,0.3429268642782602,2779,64.3572190954809,-6.924311615235428,107.56875138412911,Roastery Malam,Local Specialty
68,20052,0.4739699414305561,2206,61.58695801435896,-6.886798451397958,107.6654345566575,Cafe Pagi,Local Standard
95,43074,0.3551043032793047,4323,68.91193656524796,-6.944154538589145,107.72542768830228,Studio Dago,Chain/Franchise
37,47320,0.648822840291576,4931,31.10156272349116,-6.93582256064729,107.63676010245096,Kedai Rindu Signature,Chain/Franchise
75,18913,0.4795821017542502,2868,75.5048740234431,-6.922545974599988,107.58216963479154,Teras Malam Point,Local Specialty
51,32450,0.5841994847141693,4053,57.18662538982435,-6.890295308310431,107.6616084650298,Rumah Jiwa,Local Standard
54,39107,0.7368224753949129,3286,53.0154681361089,-6.882415875491263,107.71235044337314,Roastery Senja View,Local Standard
71,35764,0.5577422659504374,3380,69.02519947085159,-6.905728303322047,107.69834241230258,Rumah Dago,Local Specialty
66,35491,0.5865354346607591,2673,53.35546744692489,-6.905420908542277,107.726290155935,Roastery Bandung View,Local Standard
15,18373,0.5644585425226413,4716,42.510911503949,-6.877548314860138,107.60558041944977,Studio Jiwa,Student Friendly
37,27161,0.3787726259512893,2699,44.05784000122876,-6.948417890823442,107.58879077345355,Cafe Kita Lab,Local Standard
37,46996,0.3374468338719181,4133,29.35464455235135,-6.9158909975525775,107.7259632971884,Roastery Janji,Chain/Franchise
53,42122,0.8996473971450123,336,58.58160629017213,-6.868129294288076,107.6815120625556,Kopi Kenangan,Chain/Franchise
93,49850,0.6075552222935728,1404,67.08687934214772,-6.889678058978663,107.6121857860015,Warung Dago,Chain/Franchise
39,42350,0.2443531554646545,3530,40.47911410392106,-6.916277286724458,107.6984696101145,Rumah Luwak,Chain/Franchise
71,42472,0.4982476978489402,1401,67.28356338420525,-6.8594475207670325,107.71302367689609,Kopi Kita,Chain/Franchise
84,43761,0.330348481280914,2641,64.12724172962197,-6.872737727255061,107.67299564806822,Kedai Malam View,Chain/Franchise
98,40351,0.9336918237598746,2151,95.0,-6.923510455276327,107.68757682197598,Warung Kita,Chain/Franchise
71,38132,0.0075343631340747,541,51.95163190940594,-6.885471016247428,107.62505198088851,Kopi Bandung,Local Specialty
10,30305,0.2253327977125282,2176,20.76657460752552,-6.890424927181104,107.6577391334686,Rumah Luwak,Local Standard
36,24817,0.3653568196740576,3280,44.20601982999138,-6.909881208596102,107.65483183414524,Cafe Luwak Corner,Local Standard
71,26261,0.4878098008087379,2757,59.353252005361696,-6.91330439207952,107.71960955822615,Space Hitam,Local Specialty
86,15417,0.8508175178361462,3898,92.86112835961626,-6.91564395252243,107.71799279605644,Warung Janji,Local Specialty
12,35358,0.0878876245401438,904,24.34101116847465,-6.888284421660435,107.7165360938694,Kopi Dago,Local Standard
79,18267,0.8058648867411434,174,86.73991482955236,-6.905759006351933,107.55220632285248,Cafe Bandung,Local Specialty
81,32209,0.0556534893569753,2275,61.642839923890335,-6.866813688674857,107.69990909689378,Space Pagi,Local Specialty
36,39052,0.8423140352981816,4024,51.757111635760765,-6.883039738386604,107.7017352780222,Space Malam,Local Standard
18,41092,0.0516354778745128,2189,10.0,-6.9430068394290565,107.68567576457104,Space Kita Signature,Chain/Franchise
71,26338,0.018242481428361,140,48.38690769120682,-6.885983177617184,107.7012529315783,Rumah Jiwa,Local Specialty
46,15412,0.6969614623664215,2181,72.64313038215394,-6.922885256349981,107.71839407429934,Kopi Kenangan,Student Friendly
60,22543,0.9972555347683943,4783,81.71222748897412,-6.890718800834658,107.64406381082036,Teras Bumi,Local Standard
53,48496,0.8966102629740208,1722,60.54572422949655,-6.881986806889655,107.65041004269769,Kedai Malam,Chain/Franchise
33,38548,0.57599841780566,441,43.28247689917468,-6.926917081084599,107.57494281138229,Teras Bumi,Local Standard
88,42384,0.9173956130855316,4152,82.39735315955785,-6.904314135511963,107.62707517660948,Studio Bumi,Chain/Franchise
68,33888,0.0053000063976054,2174,50.924810440612205,-6.930967513718094,107.67867303598236,Teras Kita Story,Local Standard
41,32506,0.9750671629451424,745,74.3589102822654,-6.944766112421349,107.70607995522946,Warung Malam,Local Standard
97,35463,0.4907487792587844,4926,83.47634028758759,-6.912152357651413,107.59344181953824,Cafe Janji Story,Local Specialty
61,32955,0.7228960966217757,4363,66.5133785426062,-6.913705572815401,107.57756457983184,Cafe Rindu,Local Standard
71,20104,0.8208614731533526,709,83.84080784979868,-6.850451950929574,107.6826084009001,Warung Bumi,Local Specialty
67,49911,0.7184572708365536,554,63.19408277362219,-6.905364764880236,107.55037597670498,Warung Bumi,Chain/Franchise
61,38190,0.5350367320449105,3053,59.49986702549487,-6.91664304505278,107.58567451686146,Rumah Luwak,Local Standard
21,22357,0.476619484126412,1808,45.21650909260561,-6.891952499328332,107.5558142760688,Teras Luwak,Local Standard
48,47479,0.8385825587026248,3572,61.05400786603541,-6.941123260589223,107.58337702357096,Roastery Kala Signature,Chain/Franchise
11,35150,0.2050775601494591,3069,30.702070505927804,-6.853833426404519,107.5862638559851,Teras Senja Corner,Local Standard
12,20644,0.9679940665042344,3128,52.19451512944295,-6.886503995440896,107.62753471895007,Warung Luwak Signature,Local Standard
65,17914,0.7109524788367483,4897,86.38778102836943,-6.874516218005915,107.63046542493731,Kopi Pagi,Student Friendly
90,36352,0.1995069273383197,2781,69.55235647126989,-6.932952206182608,107.72485249412205,Kedai Dago,Local Specialty
68,29397,0.7362471836984882,3729,70.98665878796069,-6.90905221469948,107.65202194249976,Studio Rindu,Local Standard
11,15728,0.5298400231811167,4325,47.81761134124014,-6.907731088660381,107.69468095312246,Rumah Senja,Student Friendly
11,15698,0.7072300956444445,3167,56.23285691543168,-6.867819355609891,107.57082747158404,Warung Hitam,Student Friendly
63,28923,0.7677795014428388,1486,69.9997320107299,-6.94987633202406,107.59508775109272,Cafe Dago,Local Standard
96,31779,0.0872901795896754,3876,73.65784026637428,-6.919914689164674,107.69058868819572,Roastery Rindu,Local Specialty
10,22400,0.506103956359347,2966,41.807555353993344,-6.851876362565569,107.5605607920937,Teras Kala,Local Standard
28,39466,0.932014342256934,4888,61.95590377457501,-6.902511345649378,107.64731953244876,Teras Hitam Express,Local Standard
11,19360,0.3206421921595143,3463,28.74152813384502,-6.911747371975599,107.66987379313258,Rumah Senja,Student Friendly
62,32101,0.5938830975578988,4989,58.36292725838722,-6.938017099798236,107.6704291288105,Rumah Kita Garden,Local Standard
53,47307,0.3692304815098961,4224,28.41311338383825,-6.852583537137198,107.5545865622536,Warung Pagi Garden,Chain/Franchise
99,20486,0.4542679722190996,248,91.75511486782418,-6.947997364407418,107.61442160084584,Rumah Janji,Local Specialty
41,23335,0.5486031179381532,3950,55.19960532724671,-6.876281977499276,107.67729813020983,Kedai Bumi Point,Local Standard
79,36364,0.5489219798889773,2158,66.06771593102425,-6.8731400195211485,107.57979994722984,Warung Bandung Corner,Local Specialty
41,38576,0.2017304623302358,1236,35.268151002373216,-6.925634328393613,107.6890831296656,Studio Kita,Local Standard
77,46667,0.6845715478798333,286,61.592701135636936,-6.882844155638696,107.69918504176272,Studio Kita,Chain/Franchise
64,26130,0.0878681112426568,2954,56.77663808331123,-6.940707085562061,107.74639383808923,Rumah Pagi,Local Standard
84,36972,0.1388247734420203,1350,55.95095803213527,-6.924295273356792,107.59196839897128,Kedai Dago,Local Specialty
65,16167,0.0027108994143296,1433,72.54880168634408,-6.871209801170774,107.71502613353324,Rumah Hitam Story,Student Friendly
26,42192,0.1166960641416813,4293,17.843566867338826,-6.863531380796646,107.65405931538372,Studio Kala,Chain/Franchise
47,16062,0.4731662010518922,4250,53.38638352599093,-6.88915135873402,107.62469251922884,Cafe Jiwa Corner,Student Friendly
33,33540,0.6061018810558386,2811,43.67400873265233,-6.899316156817951,107.57447535146504,Space Kita,Local Standard
78,39244,0.7942894499664624,4953,64.23427245812096,-6.934069597938102,107.69710112129752,Warung Hitam Lab,Local Specialty
79,36545,0.106699250113436,4601,54.09192214655715,-6.943689096692085,107.59717151982872,Kopi Bumi Express,Local Specialty
95,36689,0.8507274600164547,1885,86.3184966875507,-6.938235097152644,107.6242844003746,Space Malam Hub,Local Specialty
20,26174,0.7459745255487181,850,56.19814922023345,-6.92726426999039,107.56250844537946,Rumah Luwak Story,Local Standard
25,37925,0.4085182929359169,1862,31.800911635604216,-6.915832549810308,107.71027338316392,Teras Senja,Local Standard
82,24348,0.9329380670999546,4020,95.0,-6.911909047448901,107.70331770479432,Warung Senja,Local Specialty
68,38714,0.9909294764573906,4560,78.28318510180537,-6.9153678231411,107.69672316600848,Cafe Bandung,Local Standard
79,23924,0.2050018100532372,581,66.563048966116,-6.926094466780273,107.60988870209836,Warung Kala,Local Specialty
89,39394,0.3792285849638004,253,78.54351831087973,-6.89902757532483,107.5846960148532,Kedai Kenangan,Local Specialty
12,21801,0.9264494235897112,1624,58.3862481053056,-6.86747138917671,107.67751065289404,Studio Rindu,Local Standard
29,21731,0.7215965507512772,2220,71.7088633647328,-6.922029646152852,107.64923327682264,Space Hitam,Local Standard
68,38625,0.0480946439640876,2443,42.08790457974408,-6.855761298089776,107.58565049338092,Kopi Bumi,Local Standard
45,32337,0.7815144817514149,1340,61.54566893080133,-6.862666333827615,107.68718225420996,Studio Dago Corner,Local Standard
28,22056,0.8279408871774919,160,69.10426897136477,-6.933823578864789,107.74822528636426,Roastery Rindu,Local Standard
99,26516,0.7505019247653135,1038,85.53536295016664,-6.8713724043242905,107.6994439175484,Teras Bandung Garden,Local Specialty
76,16542,0.7995371309195156,1739,95.0,-6.892541261768224,107.69799727733712,Rumah Jiwa,Local Specialty
28,36677,0.8251326766927972,4220,49.735043703980025,-6.893342463782858,107.74006255058612,Roastery Hitam,Local Standard
29,42569,0.1864049867881441,4326,17.62466120191517,-6.910895723694183,107.59058727351498,Kedai Senja Corner,Chain/Franchise
80,38322,0.2356917460649997,3669,48.64046777592316,-6.899884700081799,107.66310999298427,Warung Malam,Local Specialty
61,34065,0.6337585637201772,1352,60.351691145158746,-6.910282122257079,107.74592934300678,Kedai Pagi,Local Standard
42,32924,0.907866130462516,4303,47.0790083516152,-6.8960267381240055,107.58305882219403,Cafe Luwak View,Local Standard
49,37556,0.3161965822964946,271,43.04962500835149,-6.887204994722736,107.6900503918889,Kopi Rindu Story,Local Standard
48,41962,0.5883066757950567,1558,54.07396498497526,-6.882569619359095,107.66716202919436,Warung Hitam,Chain/Franchise
91,43295,0.6829820634171324,3649,72.2955404345494,-6.896751880744057,107.66729581843774,Kopi Janji,Chain/Franchise
10,28807,0.4519486012990392,4297,36.605577423274894,-6.877857793267126,107.689534125504,Warung Kenangan,Local Standard
20,41432,0.713782454855326,2422,47.67738227202653,-6.93587219507245,107.73592338457512,Teras Luwak,Chain/Franchise
66,32749,0.8996674452921731,1736,83.56056092731048,-6.928801750909776,107.70651638797028,Kopi Bumi Signature,Local Standard
98,41256,0.6241015441818376,3215,79.90854477281688,-6.868126499592573,107.56122722068324,Teras Bumi,Chain/Franchise
59,16324,0.539781061914633,4190,53.502069963797126,-6.917747202215359,107.72054560397514,Studio Bumi,Student Friendly
32,40731,0.438744675388339,3104,31.36717838027736,-6.947710617502388,107.59510826598516,Studio Janji Garden,Chain/Franchise
40,38803,0.5774862709061257,429,47.91373455597567,-6.934620885033197,107.62538283294728,Cafe Janji Point,Local Standard
51,34870,0.3553624518183959,3740,40.815413302312166,-6.927638556550369,107.64234656272248,Cafe Malam View,Local Standard
16,49578,0.3914821102015019,3994,17.877612962648556,-6.854267711210541,107.6461812001506,Teras Bumi,Chain/Franchise
25,21588,0.531857479688174,4207,53.260858970891576,-6.892695857106915,107.63703607985109,Kedai Hitam Signature,Local Standard
99,41790,0.0666191123908169,1441,52.61373245139904,-6.856726925952374,107.73747065884318,Space Bandung,Chain/Franchise
69,40289,0.2290253909247963,3763,58.94265564262039,-6.892483664950338,107.6912038015328,Rumah Janji,Chain/Franchise
11,43178,0.5428493106134089,315,33.78044469808573,-6.902064555986215,107.67623412919134,Roastery Hitam Point,Chain/Franchise
10,43710,0.4315281431364426,438,25.49990475995476,-6.91862723088059,107.5599684055566,Cafe Hitam,Chain/Franchise
57,30485,0.3328157859124843,4162,46.4730804862621,-6.889362905556662,107.73078266605208,Rumah Pagi,Local Standard
21,35652,0.7305491368093014,2808,37.30007979106888,-6.936080197538248,107.73187803840167,Space Rindu Express,Local Standard
78,19748,0.6937176074033384,3252,72.57073713633581,-6.860173837270729,107.70604261268602,Space Bumi,Local Specialty
46,36233,0.1667307599933831,1850,47.72725968611902,-6.867066759485871,107.55140584076273,Roastery Rindu,Local Standard
41,24435,0.8786291153734382,2521,73.99098985035963,-6.918246855212327,107.56145605021553,Studio Jiwa Corner,Local Standard
18,18709,0.4954236264039656,809,36.45637525692271,-6.85472024723987,107.5950447404537,Kopi Luwak,Student Friendly
28,45355,0.7414609111390454,3826,36.80679914702032,-6.867479923258443,107.57626988162896,Kopi Dago,Chain/Franchise
57,28116,0.5731508492573887,3742,62.95034036218561,-6.883369311416496,107.62976720594074,Space Kala,Local Standard
89,40470,0.9976926159238432,4093,83.95411968097237,-6.937823808887472,107.73452461161756,Kedai Rindu,Chain/Franchise
12,29683,0.7524031200388227,588,32.92433282170792,-6.902176597695193,107.6444120868394,Cafe Rindu Story,Local Standard
29,15504,0.706980461243459,146,56.67842245836742,-6.899389244515325,107.55268052528643,Teras Luwak,Student Friendly
33,48982,0.7785719390507511,3459,53.43897834478851,-6.926744864163462,107.60654913791576,Cafe Hitam Signature,Chain/Franchise
63,49299,0.1431279855484696,4973,32.553101647128415,-6.94200346056407,107.5589189816746,Studio Kala,Chain/Franchise
42,43016,0.2045445931694632,4906,28.796943567890327,-6.87232763695283,107.5572575245227,Kopi Senja,Chain/Franchise
33,38960,0.7140640822236142,500,42.74024239980236,-6.937796494787561,107.60514397061912,Teras Hitam Corner,Local Standard
84,48591,0.4939814871308626,4090,64.43687039847775,-6.890570924943822,107.60512246773578,Cafe Kita,Chain/Franchise
81,32312,0.7546352918601166,3257,79.08013422219608,-6.856355082611634,107.70742532052031,Rumah Pagi,Local Specialty
45,17105,0.102916030744145,4445,38.96176374556436,-6.862389480740196,107.74496693055622,Space Hitam,Student Friendly
47,37700,0.5364813514845947,490,44.45625464723489,-6.922224737625074,107.624241418778,Studio Malam,Local Standard
93,49620,0.3788215655569157,3953,69.818468513753,-6.8648551362448735,107.6357773757722,Teras Bandung,Chain/Franchise
98,35559,0.4570002192816783,4530,65.56948987894421,-6.949966749387952,107.7189578872572,Cafe Luwak Garden,Local Specialty
34,42509,0.6039578720725125,728,46.63552024906557,-6.948231219038674,107.6036278040191,Space Dago Hub,Chain/Franchise
27,42860,0.5022883474625301,4332,19.88604751937102,-6.889744683615714,107.5812763608807,Kedai Janji,Chain/Franchise
91,26003,0.5398606371128367,3030,84.62817198412533,-6.913520178085547,107.72061792468072,Cafe Malam Lab,Local Specialty
75,36732,0.4863574819956078,1621,70.75948290443814,-6.911353915884085,107.559300117288,Warung Rindu Express,Local Specialty
63,40826,0.4089551770854932,926,60.5077210214915,-6.893555890932111,107.67393988803988,Studio Bumi,Chain/Franchise
44,45354,0.7718819805982451,4922,47.876949970529765,-6.930821754440814,107.66239856949336,Roastery Jiwa,Chain/Franchise
89,28843,0.0122030723180445,1600,70.54360225649835,-6.928824464933452,107.61918408950034,Roastery Kenangan,Local Specialty
70,21190,0.598442701205227,3394,86.10377457077081,-6.9015398412981135,107.61303790421948,Roastery Rindu,Local Standard
50,32640,0.5655083473229738,2519,53.27566526715471,-6.874574645565613,107.70437154523631,Roastery Hitam,Local Standard
42,18330,0.7161790747329522,1034,62.917606112767146,-6.888050224859241,107.56728492215252,Kedai Hitam,Student Friendly
77,34087,0.5990293647773265,3142,70.84561416147255,-6.920264495176316,107.59735686186228,Roastery Dago,Local Specialty
42,39504,0.8267988278090783,4597,50.49905192060813,-6.906966282249108,107.69648974636762,Rumah Kita View,Local Standard
23,22114,0.9590747945640278,1566,56.68673883246488,-6.9329335241450005,107.65966411674528,Cafe Pagi,Local Standard
30,28323,0.3425242571785434,3661,34.30644411732249,-6.942537018566292,107.57559764170672,Warung Hitam Garden,Local Standard
57,49121,0.227350983029987,714,49.998727096853735,-6.871730395925585,107.7264271228564,Roastery Senja,Chain/Franchise
29,25975,0.4235968624204829,1282,47.92950054757748,-6.92346125908118,107.62868956931273,Rumah Janji,Local Standard
